-- seed tables, given .csv files

-- assumed hypothetical path
INSERT INTO energy_projected (date, effective, factory_price_energy)
VALUES
    ('2023-07-01', '19991231235959', 38.20),
    ('2023-08-01', '19991231235959', 43.82),
    ('2023-09-01', '19991231235959', 90.95),
    ('2023-10-01', '19991231235959', 76.83),
    ('2023-11-01', '19991231235959', 93.07),
    ('2023-12-01', '19991231235959', 41.36),
    ('2024-01-01', '19991231235959', 47.95);

INSERT INTO concrete_projected (date,effective,cost_limestone,cost_clay,cost_gypsum,cost_iron_ore,cost_fuel,factory_price_energy,factory_price_concrete)
VALUES
    ('2023-07-01', '19991231235959', 115, 69, 40, 50, 250, 115, NULL),
    ('2023-08-01', '19991231235959', 117, 71, 41, 51, 255, 117, NULL),
    ('2023-09-01', '19991231235959', 119, 72, 42, 52, 260, 119, NULL),
    ('2023-10-01', '19991231235959', 121, 73, 43, 53, 265, 121, NULL),
    ('2023-11-01', '19991231235959', 123, 74, 44, 54, 270, 123, NULL),
    ('2023-12-01', '19991231235959', 125, 76, 45, 55, 275, 125, NULL),
    ('2024-01-01', '19991231235959', 128, 77, 46, 56, 280, 128, NULL);

INSERT INTO labor_projected (date, effective, carpenters, electricians, plumbers, hvac_technicians, painters, masons, roofers)
VALUES
    ('2023-07-01', '19991231235959', 70, 75, 80, 75, 65, 68, 70),
    ('2023-08-01', '19991231235959', 71, 76, 81, 76, 66, 69, 71),
    ('2023-09-01', '19991231235959', 72, 77, 82, 77, 67, 70, 72),
    ('2023-10-01', '19991231235959', 73, 78, 83, 78, 68, 71, 73),
    ('2023-11-01', '19991231235959', 74, 79, 84, 79, 69, 72, 74),
    ('2023-12-01', '19991231235959', 75, 80, 85, 80, 70, 73, 75),
    ('2024-01-01', '19991231235959', 76, 81, 86, 81, 71, 74, 76);

INSERT INTO lumber_projected (date, effective, unemployment_rate, housing_starts, interest_rate, factory_price_lumber)
VALUES
    ('2023-07-01', '19991231235959', 0.3, 2475, 2.9, NULL),
    ('2023-08-01', '19991231235959', 0.1, 2505, 2.8, NULL),
    ('2023-09-01', '19991231235959', -0.1, 2535, 2.7, NULL),
    ('2023-10-01', '19991231235959', -0.3, 2565, 2.6, NULL),
    ('2023-11-01', '19991231235959', -0.5, 2595, 2.5, NULL),
    ('2023-12-01', '19991231235959', -0.7, 2625, 2.4, NULL),
    ('2024-01-01', '19991231235959', -0.9, 2655, 2.3, NULL);

INSERT INTO paint_projected (date, effective, titanium_dioxide_price_index, factory_price_energy, inflation_rate, factory_price_paint)
VALUES
    ('2023-07-01', '19991231235959', 157, 130, 10, NULL),
    ('2023-08-01', '19991231235959', 159, 132, 10.3, NULL),
    ('2023-09-01', '19991231235959', 161, 135, 10.5, NULL),
    ('2023-10-01', '19991231235959', 163, 138, 10.8, NULL),
    ('2023-11-01', '19991231235959', 165, 140, 11, NULL),
    ('2023-12-01', '19991231235959', 167, 143, 11.3, NULL),
    ('2024-01-01', '19991231235959', 169, 145, 11.5, NULL);

INSERT INTO shingles_projected (date, effective, cost_raw_material, factory_price_energy, cost_labor, cost_transportation, factory_price_shingles)
VALUES
    ('2023-07-01', '19991231235959', 125, 43, 61, 36, NULL),
    ('2023-08-01', '19991231235959', 127, 45, 63, 38, NULL),
    ('2023-09-01', '19991231235959', 130, 44, 62, 37, NULL),
    ('2023-10-01', '19991231235959', 133, 46, 64, 40, NULL),
    ('2023-11-01', '19991231235959', 135, 47, 66, 39, NULL),
    ('2023-12-01', '19991231235959', 138, 49, 68, 42, NULL),
    ('2024-01-01', '19991231235959', 140, 48, 67, 41, NULL);

INSERT INTO steel_projected (date, effective, cost_raw_material, factory_price_energy, cost_labor, cost_transportation, factory_price_steel)
VALUES
    ('2023-07-01', '19991231235959', 156, 52, 86, 45, NULL),
    ('2023-08-01', '19991231235959', 159, 53, 89, 44, NULL),
    ('2023-09-01', '19991231235959', 162, 55, 92, 46, NULL),
    ('2023-10-01', '19991231235959', 165, 56, 95, 48, NULL),
    ('2023-11-01', '19991231235959', 167, 54, 98, 47, NULL),
    ('2023-12-01', '19991231235959', 170, 57, 101, 49, NULL),
    ('2024-01-01', '19991231235959', 173, 59, 104, 51, NULL);
